period,impact,depth
6.33125228,0.094,306.6
7.32851947,0.983,277.8
18.6052046,0.093,242.5
39.4420781,0.42,172.4
10.27532513,0.315,209.7
26.62941953,0.015,492.8
296.6375817,0.429,2763.1
41.8085031,0.011,190.4
39.30944096,0.028,1132.1
29.88487723,0.658,1275.7
12.92489803,0.768,959.0
6.9131732,0.264,39.1
24.2204192,0.032,806.3
6.41491277,0.869,121.0
31.51779463,0.561,357.6
100.0,0.5,1000.0
200.0,0.8,2000.0
5.0,0.05,50.0
